<?xml version="1.0" encoding="UTF-8"?>
<beans xmlns="http://www.springframework.org/schema/beans"
		xmlns:xsi="http://www.w3.org/2001/XMLSchema-instance"
		xmlns:context="http://www.springframework.org/schema/context"
		xmlns:tx="http://www.springframework.org/schema/tx"
		xsi:schemaLocation="http://www.springframework.org/schema/beans http://www.springframework.org/schema/beans/spring-beans-4.3.xsd
				http://www.springframework.org/schema/context http://www.springframework.org/schema/context/spring-context-4.3.xsd
				http://www.springframework.org/schema/tx http://www.springframework.org/schema/tx/spring-tx-4.3.xsd">
	
	<!-- 自动代理 -->
	<bean class="org.springframework.aop.framework.autoproxy.DefaultAdvisorAutoProxyCreator"></bean>
	
	<bean id="p" class="cn.hncu.xmlImpl.aspectj.Person"></bean>
	
	<!-- 切面=切点+通知 (※※采用面向切点语言进行配置切面)-->
	<bean id="advisor" class="org.springframework.aop.aspectj.AspectJExpressionPointcutAdvisor">
	   <property name="expression" value="execution( * cn.hncu..*son.*(*,..) )"></property>
	   <property name="advice">
			<bean id="advice" class="cn.hncu.xmlImpl.aspectj.AroundAdvice"></bean>
	   </property>
	</bean>

</beans>