<?xml version="1.0" encoding="utf-8"?>
<!DOCTYPE hibernate-mapping PUBLIC "-//Hibernate/Hibernate Mapping DTD 3.0//EN"
"http://hibernate.sourceforge.net/hibernate-mapping-3.0.dtd">

<hibernate-mapping package="cn.hncu.domain">
	
	<!--name指的是POJO类的类名，table是数据库的表名，catalog是数据库的名称  -->
	<class name="Student" table="students" catalog="hib">
		<!--id表示此字段为数据库的主键，这里也可以用property来写，name为Student类的成员变量名，type为类型的包全名  -->
		<id name="sId" type="java.lang.String">
			<!--column表示映射的数据库的字段，name表示数据库中字段名，length表示varchar/char型的长度  -->
			<column name="sId" length="8"></column>
			<generator class="assigned"></generator>			
		</id>
		<property name="sName" type="java.lang.String">
			<column name="sName" length="40" />
		</property>
		<property name="sAge" type="java.lang.Integer">
			<column name="sAge" />
		</property>
		<!-- 在多方配置一个一方值对象：为Student类中的dept属性注入值  -->
     <!-- name为一方的对象的属性名，class为JavaBean类  -->
    <many-to-one name="dept" class="Dept" fetch="select">
        <column name="deptId" length="8"></column>
    </many-to-one>
     
  </class>
  
  <class name="Dept" table="depts" catalog="hib">
    <id name="dId" type="java.lang.String">
       <column name="dId" length="8"></column>
    </id>
    <property name="dName" type="java.lang.String">
       <column name="dName" length="40"></column>
    </property>
    
    <!-- 在一方为所拥有的多方集合注入值：为Dept类中的students属性注入值 ,级联必须要配置属性:cascade="all"  -->
    <set name="students" table="students" inverse="true"  cascade="all">
       <key>
         <column name="deptId" length="8"></column>
       </key>
       <!-- 多方为Student -->
       <one-to-many class="Student"/>
    </set>
    
  </class>
  
  
</hibernate-mapping>