<?xml version="1.0" encoding="UTF-8"?>
<beans xmlns="http://www.springframework.org/schema/beans"
		xmlns:xsi="http://www.w3.org/2001/XMLSchema-instance"
		xmlns:context="http://www.springframework.org/schema/context"
		xmlns:tx="http://www.springframework.org/schema/tx"
		xsi:schemaLocation="http://www.springframework.org/schema/beans http://www.springframework.org/schema/beans/spring-beans-3.0.xsd
				http://www.springframework.org/schema/context http://www.springframework.org/schema/context/spring-context-3.0.xsd
				http://www.springframework.org/schema/tx http://www.springframework.org/schema/tx/spring-tx-3.0.xsd">
	
	
	<bean id="cat" class="cn.hncu.demo2.domain.Cat">
	<!-- 初始化name -->
		<property name="name" value="黑猫"></property>
	</bean>
	
	<bean id="user" class="cn.hncu.demo2.domain.User">
		<property name="name" value="Jack"></property>
		<property name="age" value="25"></property>
		
		<property name="pets">
			<list>
				<value>cat</value>
				<value>dog</value>
	         	<value>tiger</value>
			</list>
		</property>
		
		<property name="map">
			<map>
				<entry key="name" value="中国"></entry>
				<entry key="age" value="67"></entry>
				<!-- ref是引用 -->
				<entry key="cat" value-ref="cat"></entry>
			</map>
		</property>
		<property name="set">
	     <set>
	     	<!-- 引用 -->
	     	 <ref bean="cat"/>
		     <value>aaa</value>
		     <value>bbb</value>
	     </set>
	   </property>
		<property name="objs">
			<!-- 数组 -->
			<array>
				<value>hrllo</value>
				<ref bean="cat"/>
				<list>
					<value>obj1</value>
					<value>obj2</value>
				</list>
				<bean class="cn.hncu.demo2.domain.Cat">
					<property name="name" value="白猫"></property>
				</bean>
			</array>
		</property>
	</bean>
</beans>
