<?xml version="1.0" encoding="UTF-8"?>
<beans xmlns="http://www.springframework.org/schema/beans"
		xmlns:xsi="http://www.w3.org/2001/XMLSchema-instance"
		xmlns:context="http://www.springframework.org/schema/context"
		xmlns:tx="http://www.springframework.org/schema/tx"
		xmlns:aop="http://www.springframework.org/schema/aop"
		xsi:schemaLocation="http://www.springframework.org/schema/beans http://www.springframework.org/schema/beans/spring-beans-4.3.xsd
				http://www.springframework.org/schema/context http://www.springframework.org/schema/context/spring-context-4.3.xsd
				http://www.springframework.org/schema/tx http://www.springframework.org/schema/tx/spring-tx-4.3.xsd
				http://www.springframework.org/schema/aop http://www.springframework.org/schema/aop/spring-aop-4.3.xsd ">
	<!-- 利用sop标签实现自动代理 -->
	<aop:aspectj-autoproxy></aop:aspectj-autoproxy>

	<!-- 代理前原对象 -->
	<bean id="person" class="cn.hncu.xmlImpl.Person"></bean>

	<!-- 切面 = 切点+通知 -->
	<bean id="advisor" class="org.springframework.aop.support.RegexpMethodPointcutAdvisor">
		<!-- 切点 -->
		<property name="patterns">
			<list>
	  	 		<value>.*run.*</value>
	  		</list>
		</property>
		<!-- 通知-由我们写，实际代理动作 -->
		<property name="advice">
			<bean id="advice" class="cn.hncu.xmlImpl.AroundAdvice"></bean>
		</property>
	</bean>
	
</beans>